OrderID,OrderDate,CustomerName,Region,Product,Quantity,UnitPrice,Revenue,Cost,Profit
1,2025-03-13,Customer_95,North,Phone,1,30024,30024,18718,11306
2,2025-02-17,Customer_28,South,Phone,19,39651,753369,421536,331833
3,2025-12-26,Customer_70,West,Laptop,18,58031,1044558,798884,245674
4,2025-01-04,Customer_98,South,Monitor,15,17115,256725,203539,53186
5,2026-05-06,Customer_98,East,Headphones,11,3276,36036,21500,14536
6,2026-03-10,Customer_45,East,Phone,3,36898,110694,64093,46601
7,2026-04-18,Customer_49,North,Laptop,15,80142,1202130,706188,495942
8,2025-12-27,Customer_9,North,Keyboard,20,1981,39620,28653,10967
9,2026-03-20,Customer_13,West,Monitor,10,10614,106140,85612,20528
10,2025-07-01,Customer_27,East,Keyboard,15,1994,29910,17909,12001
11,2025-05-06,Customer_21,West,Phone,20,23215,464300,329765,134535
12,2025-04-23,Customer_88,East,Headphones,9,6242,56178,42495,13683
13,2025-07-25,Customer_35,North,Laptop,8,47103,376824,298261,78563
14,2025-09-13,Customer_51,West,Monitor,19,18311,347909,213542,134367
15,2025-10-15,Customer_69,East,Tablet,9,14575,131175,81851,49324
16,2025-03-12,Customer_66,West,Headphones,19,4271,81149,53444,27705
17,2025-03-23,Customer_88,West,Phone,2,19185,38370,22862,15508
18,2025-08-28,Customer_68,East,Phone,13,37009,481117,350621,130496
19,2026-01-29,Customer_83,East,Laptop,4,80190,320760,248673,72087
20,2025-01-02,Customer_93,East,Phone,10,40492,404920,241918,163002
21,2025-06-02,Customer_82,South,Tablet,17,13486,229262,185967,43295
22,2026-02-03,Customer_68,North,Tablet,12,15293,183516,130629,52887
23,2025-07-05,Customer_40,South,Mouse,16,339,5424,3165,2259
24,2025-02-13,Customer_94,West,Laptop,8,82182,657456,548374,109082
25,2025-09-01,Customer_71,South,Phone,18,20241,364338,214419,149919
26,2025-04-19,Customer_70,South,Keyboard,17,2984,50728,34339,16389
27,2025-09-22,Customer_58,North,Keyboard,13,2029,26377,17974,8403
28,2025-10-29,Customer_71,South,Monitor,8,10098,80784,52624,28160
29,2025-01-31,Customer_30,North,Monitor,1,10326,10326,7872,2454
30,2025-05-23,Customer_86,West,Laptop,11,49643,546073,384570,161503
31,2026-03-28,Customer_74,West,Monitor,18,12335,222030,170298,51732
32,2025-02-19,Customer_85,West,Monitor,16,21338,341408,207276,134132
33,2026-01-09,Customer_7,North,Mouse,14,1141,15974,11023,4951
34,2025-02-25,Customer_32,South,Laptop,13,67236,874068,690669,183399
35,2025-04-04,Customer_36,West,Monitor,18,22700,408600,241913,166687
36,2026-03-15,Customer_71,North,Monitor,3,22520,67560,53534,14026
37,2026-04-20,Customer_97,South,Laptop,18,45967,827406,695599,131807
38,2026-03-19,Customer_52,North,Tablet,14,25913,362782,251918,110864
39,2025-05-16,Customer_59,East,Tablet,13,10070,130910,110696,20214
40,2025-03-21,Customer_25,East,Headphones,18,6422,115596,88491,27105
41,2025-01-30,Customer_7,West,Monitor,2,9997,19994,15483,4511
42,2025-04-06,Customer_9,North,Tablet,2,26640,53280,30584,22696
43,2025-10-19,Customer_32,North,Monitor,13,11928,155064,129087,25977
44,2025-04-15,Customer_86,East,Phone,14,32733,458262,380546,77716
45,2025-11-27,Customer_39,West,Monitor,9,20969,188721,111206,77515
46,2025-10-16,Customer_13,North,Mouse,3,319,957,657,300
47,2025-06-28,Customer_9,South,Monitor,17,16690,283730,167326,116404
48,2025-10-06,Customer_91,East,Mouse,10,623,6230,4245,1985
49,2025-02-23,Customer_18,East,Laptop,18,64620,1163160,964872,198288
50,2025-11-06,Customer_27,East,Phone,4,22187,88748,56062,32686
51,2026-04-09,Customer_7,North,Monitor,9,24561,221049,153973,67076
52,2026-01-30,Customer_17,East,Headphones,9,1361,12249,6749,5500
53,2025-10-15,Customer_2,North,Tablet,15,28077,421155,320793,100362
54,2025-10-26,Customer_71,South,Phone,5,14361,71805,57471,14334
55,2026-04-06,Customer_6,East,Headphones,5,1342,6710,4311,2399
56,2025-10-14,Customer_53,South,Monitor,8,11368,90944,59668,31276
57,2025-01-13,Customer_23,East,Monitor,6,13801,82806,67439,15367
58,2025-12-26,Customer_14,West,Headphones,8,3185,25480,15230,10250
59,2026-04-16,Customer_59,East,Laptop,16,59577,953232,581349,371883
60,2025-04-09,Customer_52,East,Keyboard,8,1413,11304,6297,5007
61,2025-09-18,Customer_52,East,Keyboard,3,1643,4929,3230,1699
62,2026-05-08,Customer_34,North,Laptop,4,62118,248472,149970,98502
63,2026-02-07,Customer_41,West,Phone,20,40479,809580,529227,280353
64,2025-12-29,Customer_56,North,Phone,13,24457,317941,199163,118778
65,2025-12-07,Customer_43,East,Monitor,12,22132,265584,151646,113938
66,2025-06-17,Customer_52,East,Phone,10,32269,322690,242039,80651
67,2025-07-14,Customer_87,South,Tablet,7,23777,166439,124742,41697
68,2025-06-05,Customer_37,South,Keyboard,13,2744,35672,28541,7131
69,2025-08-27,Customer_57,West,Headphones,19,5969,113411,84651,28760
70,2026-05-07,Customer_95,South,Monitor,17,23505,399585,314921,84664
71,2026-05-03,Customer_97,South,Phone,10,33966,339660,196328,143332
72,2025-01-24,Customer_32,West,Keyboard,8,1315,10520,6251,4269
73,2025-10-22,Customer_25,West,Phone,15,39160,587400,479225,108175
74,2025-12-19,Customer_1,North,Printer,13,14994,194922,115836,79086
75,2025-12-23,Customer_67,West,Headphones,8,2440,19520,15444,4076
76,2025-03-04,Customer_59,South,Laptop,18,61331,1103958,911031,192927
77,2026-04-02,Customer_57,West,Printer,17,17397,295749,246953,48796
78,2026-01-20,Customer_32,East,Printer,6,22554,135324,92699,42625
79,2026-01-01,Customer_37,South,Printer,8,15998,127984,87280,40704
80,2025-02-11,Customer_18,South,Keyboard,11,1809,19899,16275,3624
81,2025-02-02,Customer_54,West,Monitor,13,13007,169091,128834,40257
82,2025-04-16,Customer_54,West,Mouse,18,1254,22572,15230,7342
83,2026-04-28,Customer_46,East,Laptop,19,69928,1328632,920866,407766
84,2025-10-07,Customer_78,South,Headphones,14,5409,75726,58631,17095
85,2025-01-15,Customer_50,East,Printer,8,15943,127544,86825,40719
86,2025-03-07,Customer_80,North,Headphones,6,7885,47310,32654,14656
87,2025-02-12,Customer_83,West,Headphones,19,5623,106837,80010,26827
88,2025-07-14,Customer_42,South,Tablet,15,15954,239310,135230,104080
89,2025-07-14,Customer_36,West,Printer,11,18059,198649,154622,44027
90,2025-10-04,Customer_7,East,Keyboard,3,2426,7278,4045,3233
91,2026-05-02,Customer_32,South,Monitor,3,9319,27957,21702,6255
92,2025-08-31,Customer_86,North,Laptop,20,54986,1099720,683545,416175
93,2025-03-27,Customer_78,North,Monitor,15,16396,245940,191850,54090
94,2026-04-21,Customer_40,West,Tablet,10,13542,135420,97990,37430
95,2026-03-02,Customer_81,South,Headphones,7,1622,11354,8261,3093
96,2025-10-17,Customer_6,East,Phone,10,19933,199330,157245,42085
97,2025-06-24,Customer_2,West,Headphones,12,1564,18768,13171,5597
98,2025-11-22,Customer_59,South,Printer,4,21205,84820,71099,13721
99,2025-11-30,Customer_35,West,Headphones,6,7011,42066,29720,12346
100,2025-05-06,Customer_12,East,Printer,14,15794,221116,142993,78123
101,2025-12-09,Customer_49,East,Printer,8,22227,177816,128197,49619
102,2025-04-19,Customer_46,East,Laptop,16,66300,1060800,641308,419492
103,2025-05-22,Customer_72,North,Mouse,9,1520,13680,10401,3279
104,2025-09-08,Customer_72,South,Monitor,3,15908,47724,36557,11167
105,2025-02-17,Customer_38,South,Printer,16,21685,346960,273362,73598
106,2025-07-08,Customer_61,East,Headphones,8,3508,28064,21025,7039
107,2025-08-21,Customer_35,East,Headphones,18,3709,66762,43765,22997
108,2025-06-11,Customer_16,South,Keyboard,8,994,7952,6094,1858
109,2025-10-29,Customer_98,East,Monitor,7,23866,167062,105741,61321
110,2025-04-02,Customer_39,North,Phone,7,31414,219898,135950,83948
111,2025-10-11,Customer_38,South,Tablet,9,11491,103419,87108,16311
112,2025-08-29,Customer_62,West,Printer,4,7401,29604,21380,8224
113,2026-03-18,Customer_62,North,Mouse,6,405,2430,1520,910
114,2025-11-19,Customer_88,North,Phone,13,44227,574951,329001,245950
115,2025-02-13,Customer_32,North,Tablet,5,28443,142215,118712,23503
116,2025-04-26,Customer_100,West,Headphones,20,5883,117660,92624,25036
117,2025-08-08,Customer_40,North,Printer,15,16743,251145,202937,48208
118,2025-02-11,Customer_21,South,Phone,7,25829,180803,113796,67007
119,2025-07-29,Customer_58,West,Tablet,18,12459,224262,133875,90387
120,2025-05-25,Customer_90,West,Keyboard,2,1448,2896,1843,1053
121,2025-11-17,Customer_76,South,Phone,8,29337,234696,184552,50144
122,2025-03-18,Customer_35,South,Headphones,4,5461,21844,13487,8357
123,2025-11-01,Customer_96,East,Phone,2,22873,45746,36038,9708
124,2025-12-25,Customer_52,East,Printer,4,22358,89432,67664,21768
125,2026-04-01,Customer_56,East,Printer,15,9635,144525,105418,39107
126,2025-12-12,Customer_74,North,Keyboard,1,874,874,540,334
127,2025-03-31,Customer_61,West,Keyboard,19,664,12616,9827,2789
128,2026-02-21,Customer_63,North,Keyboard,6,2897,17382,11833,5549
129,2025-12-10,Customer_14,South,Printer,12,20380,244560,158962,85598
130,2025-12-06,Customer_52,North,Mouse,14,1720,24080,16823,7257
131,2025-03-01,Customer_99,West,Printer,3,17306,51918,32486,19432
132,2025-04-07,Customer_67,East,Laptop,18,75276,1354968,913213,441755
133,2025-10-09,Customer_17,East,Printer,15,8691,130365,79661,50704
134,2025-11-19,Customer_78,South,Printer,16,10978,175648,98127,77521
135,2025-07-28,Customer_12,South,Tablet,10,28049,280490,155420,125070
136,2025-03-20,Customer_64,East,Phone,15,19698,295470,219922,75548
137,2025-05-05,Customer_59,South,Keyboard,14,2476,34664,29258,5406
138,2026-03-27,Customer_18,North,Headphones,7,5910,41370,29061,12309
139,2025-09-17,Customer_35,North,Keyboard,14,1892,26488,21992,4496
140,2025-12-04,Customer_63,South,Keyboard,10,2904,29040,21024,8016
141,2025-10-10,Customer_98,West,Printer,18,22870,411660,269035,142625
142,2025-05-03,Customer_74,West,Printer,11,13181,144991,122406,22585
143,2025-08-31,Customer_91,West,Monitor,14,9430,132020,85212,46808
144,2025-03-06,Customer_65,East,Headphones,5,5057,25285,21225,4060
145,2025-08-22,Customer_2,South,Phone,15,18534,278010,196771,81239
146,2026-05-12,Customer_34,East,Headphones,5,1612,8060,5568,2492
147,2025-12-12,Customer_69,West,Headphones,3,7977,23931,15520,8411
148,2025-02-05,Customer_31,East,Mouse,16,1408,22528,12633,9895
149,2026-01-25,Customer_82,North,Monitor,3,22220,66660,56227,10433
150,2025-01-24,Customer_42,North,Printer,6,16812,100872,82818,18054
151,2025-05-06,Customer_68,West,Keyboard,12,2035,24420,16586,7834
152,2026-03-22,Customer_49,South,Tablet,6,15736,94416,54165,40251
153,2025-11-23,Customer_33,West,Printer,19,11689,222091,137620,84471
154,2025-12-13,Customer_70,South,Keyboard,1,2405,2405,1972,433
155,2025-06-03,Customer_82,West,Phone,15,34646,519690,439811,79879
156,2025-07-16,Customer_62,North,Keyboard,15,1737,26055,15887,10168
157,2025-12-25,Customer_38,North,Monitor,13,19762,256906,185600,71306
158,2025-12-18,Customer_100,North,Headphones,9,1066,9594,6905,2689
159,2025-06-30,Customer_29,South,Printer,10,14540,145400,106450,38950
160,2025-11-27,Customer_6,East,Keyboard,5,897,4485,3682,803
161,2025-02-16,Customer_38,East,Printer,2,18955,37910,29179,8731
162,2025-10-04,Customer_47,East,Headphones,6,2644,15864,9354,6510
163,2025-06-01,Customer_96,East,Tablet,9,25789,232101,195014,37087
164,2026-05-10,Customer_29,West,Phone,15,16934,254010,150431,103579
165,2025-05-16,Customer_69,North,Mouse,3,1919,5757,3847,1910
166,2026-02-26,Customer_82,East,Printer,12,15590,187080,135701,51379
167,2026-03-29,Customer_72,East,Phone,8,42898,343184,191327,151857
168,2025-06-04,Customer_84,West,Monitor,3,23213,69639,57300,12339
169,2025-06-05,Customer_64,North,Phone,5,14971,74855,62419,12436
170,2025-07-09,Customer_86,West,Phone,8,20890,167120,111401,55719
171,2025-11-12,Customer_53,East,Tablet,14,13244,185416,148352,37064
172,2026-05-02,Customer_31,East,Laptop,12,59238,710856,485525,225331
173,2025-05-22,Customer_25,North,Phone,12,35506,426072,242079,183993
174,2025-11-02,Customer_3,North,Printer,3,13950,41850,31074,10776
175,2025-04-16,Customer_9,South,Mouse,8,557,4456,3502,954
176,2026-02-08,Customer_77,North,Monitor,8,18766,150128,117446,32682
177,2026-02-13,Customer_23,North,Keyboard,5,1032,5160,3674,1486
178,2026-02-08,Customer_31,East,Laptop,5,45973,229865,151129,78736
179,2026-01-15,Customer_54,North,Laptop,6,62391,374346,211774,162572
180,2025-09-20,Customer_76,North,Phone,16,41378,662048,518651,143397
181,2025-01-23,Customer_94,East,Printer,17,14259,242403,202073,40330
182,2026-03-10,Customer_52,West,Printer,1,8993,8993,7640,1353
183,2025-02-11,Customer_42,South,Phone,16,41069,657104,375894,281210
184,2025-10-27,Customer_71,East,Phone,5,30023,150115,110679,39436
185,2025-09-16,Customer_78,West,Headphones,20,5346,106920,68265,38655
186,2026-03-31,Customer_30,West,Phone,4,26091,104364,70865,33499
187,2025-02-18,Customer_41,West,Mouse,15,1116,16740,11296,5444
188,2025-12-18,Customer_61,North,Mouse,9,1066,9594,8021,1573
189,2026-01-17,Customer_95,East,Phone,3,18109,54327,36918,17409
190,2025-10-15,Customer_72,East,Tablet,18,11965,215370,156345,59025
191,2026-04-27,Customer_97,West,Phone,14,35173,492422,399887,92535
192,2025-02-23,Customer_74,South,Laptop,10,84348,843480,542977,300503
193,2025-06-29,Customer_72,East,Tablet,16,17348,277568,223215,54353
194,2026-03-09,Customer_72,North,Phone,9,26821,241389,191220,50169
195,2026-01-26,Customer_40,East,Keyboard,1,1238,1238,782,456
196,2025-10-17,Customer_85,West,Mouse,1,671,671,544,127
197,2025-09-29,Customer_28,West,Phone,5,14009,70045,40452,29593
198,2025-06-09,Customer_93,East,Headphones,15,3792,56880,33970,22910
199,2025-11-13,Customer_7,North,Phone,2,22196,44392,26511,17881
200,2025-08-15,Customer_54,East,Keyboard,15,2236,33540,23333,10207
201,2025-02-26,Customer_37,West,Monitor,17,11729,199393,130313,69080
202,2025-11-03,Customer_8,North,Keyboard,2,1403,2806,1876,930
203,2026-01-27,Customer_33,East,Monitor,10,14921,149210,116414,32796
204,2025-08-09,Customer_23,South,Mouse,4,315,1260,881,379
205,2025-10-14,Customer_86,East,Headphones,18,6764,121752,75368,46384
206,2025-08-24,Customer_10,East,Phone,13,14772,192036,130750,61286
207,2025-08-02,Customer_38,North,Headphones,19,4313,81947,62513,19434
208,2026-05-01,Customer_80,West,Headphones,1,3660,3660,2201,1459
209,2025-05-05,Customer_56,West,Mouse,3,1194,3582,2877,705
210,2025-04-24,Customer_43,South,Phone,13,32334,420342,325236,95106
211,2025-04-10,Customer_100,East,Phone,17,19472,331024,234756,96268
212,2025-05-12,Customer_26,South,Mouse,5,783,3915,2273,1642
213,2025-11-18,Customer_64,West,Tablet,3,15804,47412,39607,7805
214,2025-11-18,Customer_41,South,Printer,19,17590,334210,270467,63743
215,2025-06-05,Customer_36,North,Printer,3,22365,67095,45803,21292
216,2025-08-20,Customer_5,North,Mouse,17,451,7667,4930,2737
217,2026-05-16,Customer_12,West,Mouse,10,457,4570,3397,1173
218,2026-02-19,Customer_74,South,Printer,19,8344,158536,108584,49952
219,2026-05-06,Customer_8,West,Mouse,20,1274,25480,17846,7634
220,2025-03-30,Customer_6,South,Phone,11,17526,192786,135213,57573
221,2025-03-23,Customer_47,East,Printer,15,24172,362580,256280,106300
222,2025-12-14,Customer_77,North,Keyboard,13,2174,28262,22110,6152
223,2025-12-14,Customer_50,East,Mouse,3,975,2925,1691,1234
224,2025-10-26,Customer_85,South,Keyboard,20,1115,22300,14495,7805
225,2025-07-20,Customer_17,North,Mouse,10,1643,16430,12479,3951
226,2025-06-18,Customer_17,North,Keyboard,18,2042,36756,27311,9445
227,2025-06-08,Customer_24,South,Headphones,17,3964,67388,37431,29957
228,2025-03-12,Customer_20,North,Mouse,16,693,11088,6851,4237
229,2026-03-04,Customer_95,North,Keyboard,4,2579,10316,8059,2257
230,2025-03-20,Customer_21,South,Mouse,20,568,11360,8283,3077
231,2025-12-13,Customer_93,South,Tablet,15,11431,171465,115440,56025
232,2026-02-06,Customer_58,South,Printer,20,16336,326720,253442,73278
233,2025-04-10,Customer_48,West,Monitor,10,23368,233680,191896,41784
234,2025-08-03,Customer_21,South,Printer,10,19513,195130,136761,58369
235,2026-03-24,Customer_48,North,Tablet,9,11709,105381,78229,27152
236,2025-05-20,Customer_58,South,Phone,10,17496,174960,136282,38678
237,2026-03-29,Customer_45,North,Headphones,3,2818,8454,6721,1733
238,2025-05-01,Customer_50,North,Headphones,2,4247,8494,5950,2544
239,2025-02-20,Customer_92,East,Mouse,8,357,2856,1843,1013
240,2026-03-01,Customer_61,South,Tablet,5,11255,56275,35794,20481
241,2025-01-10,Customer_33,South,Printer,15,7172,107580,88404,19176
242,2025-02-26,Customer_100,East,Tablet,18,29951,539118,381874,157244
243,2025-08-03,Customer_82,West,Monitor,10,11992,119920,67673,52247
244,2025-01-09,Customer_81,South,Phone,4,44756,179024,130512,48512
245,2025-06-30,Customer_31,West,Tablet,10,24065,240650,132470,108180
246,2025-02-04,Customer_68,North,Tablet,3,27153,81459,68620,12839
247,2025-07-11,Customer_33,North,Headphones,16,1356,21696,16070,5626
248,2025-12-03,Customer_81,North,Mouse,3,1006,3018,1878,1140
249,2025-06-23,Customer_83,South,Mouse,5,390,1950,1278,672
250,2025-02-02,Customer_92,West,Printer,16,12972,207552,164681,42871
251,2025-04-13,Customer_6,East,Laptop,10,58211,582110,327810,254300
252,2025-10-06,Customer_61,East,Keyboard,17,2131,36227,30674,5553
253,2026-02-04,Customer_7,East,Laptop,7,63750,446250,293227,153023
254,2025-07-24,Customer_96,West,Keyboard,4,2007,8028,5467,2561
255,2025-09-12,Customer_48,East,Headphones,11,2530,27830,19449,8381
256,2026-02-26,Customer_24,East,Phone,14,17172,240408,163280,77128
257,2025-06-01,Customer_40,West,Mouse,4,463,1852,1200,652
258,2025-08-17,Customer_6,East,Headphones,6,6650,39900,27258,12642
259,2026-05-01,Customer_8,North,Headphones,9,6238,56142,47384,8758
260,2025-12-14,Customer_21,North,Headphones,12,5203,62436,49344,13092
261,2025-02-04,Customer_31,East,Tablet,20,24358,487160,273023,214137
262,2025-03-20,Customer_87,West,Mouse,13,1461,18993,10630,8363
263,2025-10-21,Customer_18,East,Mouse,12,1209,14508,11300,3208
264,2026-05-07,Customer_15,North,Headphones,11,6321,69531,44055,25476
265,2025-10-15,Customer_16,East,Tablet,16,26965,431440,287380,144060
266,2025-05-27,Customer_89,West,Keyboard,15,1378,20670,17546,3124
267,2025-08-20,Customer_23,West,Monitor,4,12447,49788,40121,9667
268,2025-10-09,Customer_70,East,Phone,11,34768,382448,291755,90693
269,2025-09-18,Customer_29,North,Keyboard,6,1213,7278,5735,1543
270,2025-01-14,Customer_47,East,Monitor,5,15757,78785,62012,16773
271,2025-02-14,Customer_9,East,Printer,18,11252,202536,148577,53959
272,2025-07-29,Customer_74,North,Headphones,16,5306,84896,57155,27741
273,2025-12-15,Customer_67,East,Tablet,11,12430,136730,93659,43071
274,2026-05-10,Customer_17,West,Tablet,18,29260,526680,318424,208256
275,2025-03-26,Customer_21,East,Laptop,4,78954,315816,188196,127620
276,2025-05-09,Customer_26,East,Monitor,12,17307,207684,166932,40752
277,2025-11-25,Customer_22,South,Tablet,10,27481,274810,158848,115962
278,2026-04-19,Customer_73,North,Tablet,20,29829,596580,388544,208036
279,2026-01-30,Customer_74,East,Laptop,3,47979,143937,120124,23813
280,2025-01-16,Customer_64,East,Monitor,19,21650,411350,302520,108830
281,2025-12-17,Customer_52,East,Keyboard,16,1503,24048,19031,5017
282,2025-08-01,Customer_62,West,Printer,3,8963,26889,16064,10825
283,2026-01-03,Customer_41,East,Monitor,11,12707,139777,89984,49793
284,2025-10-15,Customer_14,East,Headphones,5,7231,36155,23904,12251
285,2025-05-07,Customer_19,North,Monitor,15,12014,180210,113575,66635
286,2025-08-03,Customer_32,South,Laptop,10,70175,701750,567890,133860
287,2026-01-26,Customer_21,West,Mouse,19,1776,33744,21724,12020
288,2025-02-16,Customer_51,West,Printer,16,17110,273760,191416,82344
289,2025-05-25,Customer_64,West,Monitor,7,19563,136941,77316,59625
290,2025-08-09,Customer_18,East,Keyboard,18,533,9594,7715,1879
291,2025-01-27,Customer_73,South,Mouse,13,1049,13637,7685,5952
292,2025-09-16,Customer_58,East,Mouse,18,891,16038,9174,6864
293,2026-02-11,Customer_44,East,Phone,5,18336,91680,61257,30423
294,2025-09-14,Customer_6,North,Tablet,7,29741,208187,146300,61887
295,2025-09-23,Customer_59,South,Laptop,5,66826,334130,264360,69770
296,2025-11-12,Customer_95,East,Tablet,11,20437,224807,134603,90204
297,2025-09-08,Customer_91,East,Mouse,17,1996,33932,23851,10081
298,2025-02-26,Customer_54,East,Printer,1,19070,19070,12383,6687
299,2025-12-02,Customer_100,South,Laptop,20,76102,1522040,958366,563674
300,2025-11-19,Customer_93,West,Laptop,19,76486,1453234,873616,579618
301,2025-12-25,Customer_15,South,Tablet,8,11034,88272,63712,24560
302,2025-07-31,Customer_89,South,Laptop,15,65558,983370,664398,318972
303,2025-08-30,Customer_95,North,Headphones,17,7348,124916,91618,33298
304,2025-12-06,Customer_62,West,Tablet,17,16794,285498,205063,80435
305,2025-06-25,Customer_70,East,Mouse,6,1241,7446,6132,1314
306,2025-05-07,Customer_36,East,Keyboard,20,2483,49660,30177,19483
307,2025-12-20,Customer_91,West,Monitor,10,17470,174700,133028,41672
308,2026-04-24,Customer_93,East,Mouse,16,1014,16224,11651,4573
309,2025-07-14,Customer_51,East,Keyboard,4,2848,11392,8578,2814
310,2026-01-01,Customer_11,East,Tablet,10,11378,113780,72396,41384
311,2026-02-28,Customer_69,East,Printer,9,22698,204282,125469,78813
312,2025-10-28,Customer_31,South,Keyboard,5,947,4735,3478,1257
313,2025-01-27,Customer_13,West,Laptop,17,59789,1016413,753551,262862
314,2025-03-12,Customer_1,South,Mouse,16,505,8080,6095,1985
315,2026-01-23,Customer_37,East,Headphones,16,4911,78576,58551,20025
316,2025-04-29,Customer_69,North,Keyboard,2,866,1732,1291,441
317,2025-01-19,Customer_51,West,Tablet,14,15760,220640,183170,37470
318,2025-10-18,Customer_78,North,Tablet,10,11227,112270,62060,50210
319,2025-10-06,Customer_68,West,Mouse,10,1230,12300,10414,1886
320,2026-02-19,Customer_15,East,Tablet,17,25336,430712,272145,158567
321,2025-01-08,Customer_95,East,Tablet,15,18430,276450,211644,64806
322,2026-03-15,Customer_82,West,Keyboard,19,1291,24529,14782,9747
323,2025-12-09,Customer_13,South,Headphones,17,3686,62662,36094,26568
324,2025-01-04,Customer_34,West,Tablet,16,20603,329648,273854,55794
325,2025-06-04,Customer_75,North,Monitor,15,16748,251220,210072,41148
326,2025-03-02,Customer_60,East,Keyboard,12,1467,17604,10010,7594
327,2026-03-31,Customer_91,East,Tablet,13,26466,344058,284512,59546
328,2025-04-23,Customer_18,West,Phone,10,36087,360870,265018,95852
329,2025-12-26,Customer_71,West,Tablet,15,29848,447720,296429,151291
330,2025-09-28,Customer_91,East,Monitor,8,10682,85456,60473,24983
331,2025-10-08,Customer_65,South,Phone,19,19353,367707,209051,158656
332,2025-08-15,Customer_15,South,Tablet,6,20751,124506,100394,24112
333,2025-01-29,Customer_59,South,Printer,3,23723,71169,48654,22515
334,2025-08-25,Customer_87,East,Headphones,15,5619,84285,47816,36469
335,2026-01-17,Customer_28,North,Laptop,13,61676,801788,637370,164418
336,2025-10-05,Customer_8,North,Laptop,14,67579,946106,719149,226957
337,2026-01-29,Customer_18,West,Printer,2,16407,32814,22072,10742
338,2026-04-10,Customer_49,West,Mouse,13,1218,15834,12839,2995
339,2025-06-28,Customer_16,South,Phone,18,20715,372870,278183,94687
340,2025-04-25,Customer_1,North,Headphones,17,2043,34731,26685,8046
341,2025-07-14,Customer_30,South,Keyboard,15,2730,40950,27732,13218
342,2026-04-25,Customer_93,North,Printer,12,12083,144996,91738,53258
343,2025-02-04,Customer_13,North,Laptop,14,46025,644350,400914,243436
344,2025-01-23,Customer_52,West,Printer,20,8595,171900,107165,64735
345,2026-02-02,Customer_8,South,Monitor,18,15119,272142,211268,60874
346,2025-11-03,Customer_99,East,Keyboard,8,2859,22872,14767,8105
347,2025-09-24,Customer_29,West,Monitor,10,12694,126940,107354,19586
348,2025-10-30,Customer_95,South,Keyboard,9,749,6741,4833,1908
349,2025-06-26,Customer_83,West,Headphones,18,5060,91080,51375,39705
350,2025-07-12,Customer_24,West,Mouse,14,1136,15904,9459,6445
351,2025-03-15,Customer_60,North,Monitor,8,17854,142832,115302,27530
352,2025-07-18,Customer_32,East,Headphones,14,5565,77910,55237,22673
353,2026-03-10,Customer_48,North,Monitor,11,10590,116490,96298,20192
354,2025-11-06,Customer_78,North,Monitor,2,16796,33592,22276,11316
355,2026-03-22,Customer_43,East,Phone,7,26222,183554,127353,56201
356,2025-03-02,Customer_96,West,Laptop,7,57453,402171,337269,64902
357,2025-05-03,Customer_71,East,Monitor,20,14701,294020,196696,97324
358,2025-07-03,Customer_40,East,Keyboard,13,2409,31317,22238,9079
359,2026-02-16,Customer_93,West,Mouse,17,1318,22406,15455,6951
360,2025-01-24,Customer_73,South,Mouse,7,1059,7413,4773,2640
361,2025-10-27,Customer_75,West,Tablet,1,18545,18545,13278,5267
362,2025-07-14,Customer_73,South,Keyboard,5,1303,6515,4227,2288
363,2026-02-25,Customer_63,West,Printer,18,18061,325098,203900,121198
364,2026-01-04,Customer_70,West,Printer,6,18540,111240,66830,44410
365,2026-03-06,Customer_10,North,Tablet,18,11924,214632,151784,62848
366,2025-04-29,Customer_9,South,Laptop,14,54010,756140,607001,149139
367,2025-01-31,Customer_80,West,Laptop,7,78143,547001,375681,171320
368,2025-07-30,Customer_2,North,Printer,1,7216,7216,5120,2096
369,2026-02-21,Customer_90,West,Keyboard,18,1674,30132,16727,13405
370,2025-05-04,Customer_25,East,Tablet,4,13156,52624,37221,15403
371,2025-07-11,Customer_52,West,Mouse,9,1928,17352,11609,5743
372,2026-03-11,Customer_11,North,Monitor,8,17829,142632,107717,34915
373,2025-09-01,Customer_8,North,Phone,13,36855,479115,317725,161390
374,2025-11-27,Customer_43,North,Tablet,3,26379,79137,63594,15543
375,2025-12-21,Customer_73,West,Laptop,8,58855,470840,386268,84572
376,2025-05-24,Customer_70,North,Keyboard,2,804,1608,1214,394
377,2025-10-28,Customer_19,West,Tablet,11,10513,115643,96959,18684
378,2025-10-18,Customer_50,East,Phone,10,22646,226460,162867,63593
379,2026-01-06,Customer_11,East,Headphones,5,7475,37375,31639,5736
380,2025-02-08,Customer_44,West,Laptop,4,73645,294580,182534,112046
381,2025-08-19,Customer_63,South,Mouse,1,1598,1598,1009,589
382,2025-12-15,Customer_75,West,Mouse,18,1068,19224,13063,6161
383,2026-01-01,Customer_10,North,Phone,20,31357,627140,495074,132066
384,2025-11-21,Customer_20,West,Keyboard,5,2056,10280,7848,2432
385,2026-04-28,Customer_40,West,Mouse,12,518,6216,3589,2627
386,2025-04-06,Customer_56,West,Mouse,9,509,4581,2701,1880
387,2025-10-11,Customer_12,East,Headphones,4,1215,4860,2803,2057
388,2026-02-03,Customer_11,South,Headphones,1,3390,3390,2285,1105
389,2025-06-04,Customer_35,West,Tablet,13,15554,202202,119633,82569
390,2025-08-04,Customer_39,West,Tablet,3,15479,46437,31595,14842
391,2026-01-05,Customer_81,West,Phone,12,28495,341940,284927,57013
392,2025-01-04,Customer_51,East,Monitor,15,11505,172575,101930,70645
393,2026-02-22,Customer_84,South,Headphones,11,4606,50666,32954,17712
394,2025-04-13,Customer_62,East,Keyboard,11,2970,32670,27252,5418
395,2025-12-22,Customer_82,West,Tablet,13,20457,265941,169519,96422
396,2026-02-07,Customer_51,East,Monitor,11,20322,223542,141745,81797
397,2025-10-07,Customer_24,North,Phone,19,25094,476786,346941,129845
398,2026-03-02,Customer_89,North,Printer,7,21367,149569,118055,31514
399,2025-05-04,Customer_33,South,Headphones,16,2140,34240,25337,8903
400,2025-11-03,Customer_62,West,Headphones,13,1605,20865,14286,6579
401,2025-07-04,Customer_90,North,Headphones,18,1301,23418,18435,4983
402,2025-11-10,Customer_6,West,Phone,8,35265,282120,169244,112876
403,2025-05-13,Customer_29,South,Mouse,14,516,7224,3996,3228
404,2025-12-14,Customer_76,South,Printer,12,19816,237792,163819,73973
405,2025-08-01,Customer_11,North,Mouse,1,1288,1288,748,540
406,2026-02-06,Customer_27,West,Tablet,12,20220,242640,158424,84216
407,2025-12-23,Customer_58,East,Mouse,16,499,7984,5440,2544
408,2025-02-28,Customer_3,East,Phone,10,14928,149280,118387,30893
409,2025-10-10,Customer_21,East,Phone,6,27985,167910,118342,49568
410,2025-11-19,Customer_24,South,Headphones,15,2899,43485,34323,9162
411,2026-03-29,Customer_26,West,Headphones,13,1239,16107,12421,3686
412,2025-04-16,Customer_36,North,Headphones,13,1036,13468,10254,3214
413,2025-04-11,Customer_59,North,Phone,18,24252,436536,287999,148537
414,2025-06-10,Customer_77,West,Keyboard,16,2661,42576,35754,6822
415,2026-03-09,Customer_59,South,Headphones,19,1935,36765,24058,12707
416,2025-03-10,Customer_41,North,Keyboard,20,2917,58340,33570,24770
417,2025-12-22,Customer_19,West,Monitor,10,11832,118320,71573,46747
418,2025-08-05,Customer_24,West,Headphones,20,2129,42580,30761,11819
419,2025-03-13,Customer_24,East,Tablet,18,15467,278406,194019,84387
420,2026-05-03,Customer_2,West,Printer,20,8756,175120,141787,33333
421,2025-09-16,Customer_84,West,Tablet,7,22581,158067,132641,25426
422,2025-08-16,Customer_63,South,Headphones,16,4404,70464,53767,16697
423,2025-04-23,Customer_38,North,Phone,19,14022,266418,210140,56278
424,2026-02-04,Customer_59,West,Keyboard,8,2702,21616,13760,7856
425,2025-10-06,Customer_47,North,Phone,19,19484,370196,233359,136837
426,2025-02-22,Customer_95,South,Printer,18,14161,254898,215881,39017
427,2026-03-18,Customer_12,West,Keyboard,2,2342,4684,2945,1739
428,2025-10-29,Customer_89,East,Phone,8,25754,206032,163426,42606
429,2025-04-16,Customer_27,North,Headphones,6,6047,36282,21470,14812
430,2025-03-28,Customer_42,East,Mouse,18,875,15750,11482,4268
431,2025-09-21,Customer_87,North,Keyboard,19,1595,30305,25326,4979
432,2026-03-20,Customer_84,South,Tablet,14,11942,167188,141732,25456
433,2026-03-01,Customer_32,West,Tablet,8,14792,118336,90339,27997
434,2025-07-12,Customer_58,North,Printer,5,15805,79025,58347,20678
435,2026-03-26,Customer_48,West,Phone,13,30233,393029,298077,94952
436,2026-03-10,Customer_94,North,Printer,11,7081,77891,63144,14747
437,2025-07-23,Customer_28,West,Printer,12,9075,108900,85889,23011
438,2025-05-26,Customer_44,South,Monitor,16,16799,268784,173865,94919
439,2025-11-17,Customer_59,North,Printer,11,8586,94446,53247,41199
440,2026-05-06,Customer_55,South,Phone,6,40920,245520,168661,76859
441,2026-03-25,Customer_36,North,Tablet,10,15209,152090,123546,28544
442,2026-04-08,Customer_84,South,Mouse,9,468,4212,2786,1426
443,2026-01-22,Customer_30,West,Laptop,13,65021,845273,648997,196276
444,2025-02-09,Customer_17,South,Phone,4,12071,48284,29647,18637
445,2026-02-23,Customer_16,West,Printer,1,7264,7264,5511,1753
446,2025-02-15,Customer_94,North,Tablet,16,12320,197120,121955,75165
447,2025-03-12,Customer_49,South,Phone,11,36088,396968,323249,73719
448,2025-11-09,Customer_84,South,Tablet,3,27383,82149,59064,23085
449,2025-03-19,Customer_53,West,Printer,12,13981,167772,123886,43886
450,2025-03-05,Customer_76,West,Monitor,3,11292,33876,20054,13822
451,2025-05-07,Customer_36,North,Mouse,14,944,13216,10405,2811
452,2025-12-20,Customer_4,East,Monitor,18,17336,312048,244549,67499
453,2025-07-20,Customer_38,North,Monitor,17,24696,419832,254667,165165
454,2025-09-13,Customer_82,North,Monitor,16,20644,330304,192839,137465
455,2026-03-17,Customer_73,West,Laptop,12,65740,788880,465119,323761
456,2025-08-30,Customer_99,North,Mouse,18,1698,30564,18394,12170
457,2025-04-21,Customer_6,North,Laptop,19,49425,939075,520377,418698
458,2025-09-14,Customer_99,West,Headphones,17,3346,56882,42011,14871
459,2025-10-03,Customer_79,South,Headphones,13,1675,21775,16160,5615
460,2026-04-17,Customer_27,South,Keyboard,3,1769,5307,3044,2263
461,2026-03-04,Customer_84,North,Mouse,13,1501,19513,14445,5068
462,2025-02-14,Customer_56,North,Keyboard,14,1477,20678,11732,8946
463,2026-01-15,Customer_85,South,Printer,20,8803,176060,113169,62891
464,2025-03-25,Customer_64,East,Phone,1,20992,20992,15963,5029
465,2026-02-04,Customer_35,North,Keyboard,6,2023,12138,7138,5000
466,2025-02-02,Customer_34,North,Laptop,11,73136,804496,508114,296382
467,2025-09-13,Customer_73,South,Printer,15,23737,356055,234297,121758
468,2026-04-03,Customer_74,North,Mouse,6,822,4932,3856,1076
469,2026-03-18,Customer_2,South,Monitor,17,8084,137428,77401,60027
470,2025-03-18,Customer_23,North,Laptop,16,68853,1101648,732478,369170
471,2026-04-14,Customer_93,East,Headphones,8,3636,29088,18164,10924
472,2025-09-15,Customer_87,North,Keyboard,3,2841,8523,5640,2883
473,2026-05-04,Customer_52,North,Tablet,8,26900,215200,181720,33480
474,2025-10-11,Customer_59,North,Printer,10,17180,171800,111359,60441
475,2025-06-05,Customer_95,South,Mouse,7,897,6279,4515,1764
476,2026-02-02,Customer_26,South,Printer,12,23166,277992,236108,41884
477,2025-10-05,Customer_45,North,Tablet,1,23436,23436,13057,10379
478,2026-03-11,Customer_95,East,Mouse,1,1854,1854,1385,469
479,2026-05-08,Customer_8,South,Phone,7,27608,193256,130630,62626
480,2026-04-05,Customer_67,West,Keyboard,3,679,2037,1683,354
481,2025-02-18,Customer_65,South,Mouse,15,1831,27465,15805,11660
482,2025-08-11,Customer_85,South,Headphones,3,5848,17544,12637,4907
483,2026-04-20,Customer_51,East,Monitor,10,16552,165520,133288,32232
484,2026-04-29,Customer_26,South,Mouse,15,856,12840,7961,4879
485,2025-08-27,Customer_41,West,Phone,5,18924,94620,56706,37914
486,2025-04-17,Customer_58,East,Phone,18,35480,638640,536068,102572
487,2026-02-18,Customer_88,East,Printer,9,10929,98361,56766,41595
488,2025-12-31,Customer_32,East,Laptop,7,66482,465374,276663,188711
489,2025-05-14,Customer_23,North,Headphones,17,1401,23817,17937,5880
490,2025-05-08,Customer_13,West,Headphones,15,5554,83310,64517,18793
491,2026-03-02,Customer_100,South,Phone,5,19959,99795,55245,44550
492,2025-11-19,Customer_83,North,Tablet,7,23126,161882,107112,54770
493,2025-04-12,Customer_83,West,Keyboard,3,589,1767,1500,267
494,2026-04-28,Customer_60,North,Tablet,3,20864,62592,36726,25866
495,2025-07-22,Customer_64,North,Tablet,19,24193,459667,366127,93540
496,2026-04-11,Customer_24,East,Headphones,14,2415,33810,22185,11625
497,2025-11-14,Customer_79,South,Keyboard,15,1108,16620,9313,7307
498,2025-09-03,Customer_8,North,Keyboard,16,2187,34992,28512,6480
499,2025-11-26,Customer_68,South,Keyboard,13,1062,13806,9329,4477
500,2026-02-05,Customer_63,East,Laptop,13,68534,890942,618229,272713
501,2025-06-13,Customer_77,South,Mouse,13,853,11089,6697,4392
502,2025-08-30,Customer_68,East,Laptop,9,48839,439551,348386,91165
503,2025-05-04,Customer_35,North,Monitor,6,11281,67686,42260,25426
504,2026-03-06,Customer_23,South,Monitor,19,20727,393813,258515,135298
505,2025-12-24,Customer_46,North,Monitor,19,18420,349980,277136,72844
506,2026-05-01,Customer_25,West,Mouse,19,1454,27626,16372,11254
507,2025-01-29,Customer_30,South,Keyboard,6,2508,15048,8447,6601
508,2026-04-15,Customer_79,South,Laptop,17,76325,1297525,713904,583621
509,2026-03-09,Customer_42,North,Tablet,11,15815,173965,143631,30334
510,2025-03-14,Customer_100,North,Laptop,5,83444,417220,317675,99545
511,2025-12-06,Customer_51,North,Mouse,3,1065,3195,2432,763
512,2025-03-22,Customer_94,West,Mouse,10,960,9600,5672,3928
513,2025-10-15,Customer_89,East,Printer,11,12708,139788,106540,33248
514,2026-01-11,Customer_89,East,Monitor,19,13745,261155,173280,87875
515,2026-05-01,Customer_74,West,Tablet,6,10058,60348,50368,9980
516,2026-02-19,Customer_79,South,Laptop,6,84478,506868,327165,179703
517,2025-02-09,Customer_31,East,Phone,16,21217,339472,220436,119036
518,2025-02-15,Customer_91,East,Mouse,6,1602,9612,7839,1773
519,2025-12-21,Customer_9,East,Printer,1,15690,15690,9616,6074
520,2025-08-13,Customer_94,West,Keyboard,4,505,2020,1140,880
521,2025-06-29,Customer_70,West,Tablet,14,26157,366198,298279,67919
522,2025-02-07,Customer_5,East,Phone,16,26783,428528,256601,171927
523,2025-02-07,Customer_44,South,Laptop,11,62113,683243,570848,112395
524,2026-04-28,Customer_12,East,Headphones,6,6996,41976,24031,17945
525,2025-03-26,Customer_78,West,Printer,1,21133,21133,17598,3535
526,2026-05-14,Customer_25,West,Tablet,2,13318,26636,17295,9341
527,2025-01-26,Customer_51,West,Keyboard,10,1718,17180,10673,6507
528,2025-02-14,Customer_38,West,Tablet,2,21823,43646,24055,19591
529,2025-11-23,Customer_38,North,Monitor,4,8843,35372,21650,13722
530,2025-08-30,Customer_63,East,Printer,4,17104,68416,53738,14678
531,2026-03-30,Customer_49,East,Phone,18,37396,673128,407555,265573
532,2025-08-27,Customer_34,South,Tablet,15,11462,171930,108142,63788
533,2025-12-23,Customer_86,North,Keyboard,19,752,14288,8506,5782
534,2025-10-29,Customer_30,North,Phone,12,39131,469572,395009,74563
535,2025-12-18,Customer_61,South,Headphones,17,4429,75293,63222,12071
536,2026-03-14,Customer_92,North,Printer,10,9587,95870,64083,31787
537,2025-03-27,Customer_28,South,Tablet,4,24714,98856,59497,39359
538,2025-12-16,Customer_56,South,Tablet,2,23873,47746,27382,20364
539,2026-01-08,Customer_9,North,Tablet,20,18450,369000,238346,130654
540,2026-03-15,Customer_36,West,Headphones,18,4255,76590,54809,21781
541,2025-08-03,Customer_15,West,Laptop,20,83507,1670140,1180402,489738
542,2026-01-24,Customer_13,North,Tablet,5,28566,142830,103748,39082
543,2025-05-16,Customer_50,West,Phone,10,34535,345350,280896,64454
544,2025-03-15,Customer_80,West,Printer,2,12642,25284,15995,9289
545,2025-01-26,Customer_96,West,Laptop,13,66724,867412,656764,210648
546,2026-02-11,Customer_39,East,Keyboard,12,582,6984,4549,2435
547,2025-04-27,Customer_18,East,Keyboard,16,902,14432,12148,2284
548,2025-11-06,Customer_83,North,Printer,11,15828,174108,133826,40282
549,2025-07-28,Customer_95,West,Monitor,15,14926,223890,184492,39398
550,2025-02-03,Customer_40,West,Mouse,2,1355,2710,2133,577
551,2025-04-09,Customer_26,North,Tablet,17,28634,486778,271955,214823
552,2025-07-04,Customer_91,South,Monitor,2,22956,45912,25947,19965
553,2025-11-22,Customer_16,North,Keyboard,12,2401,28812,20212,8600
554,2025-04-01,Customer_61,East,Monitor,12,24016,288192,209865,78327
555,2025-12-19,Customer_12,East,Mouse,6,829,4974,3853,1121
556,2025-10-20,Customer_100,South,Laptop,13,48253,627289,375665,251624
557,2025-07-29,Customer_66,North,Monitor,8,14774,118192,74546,43646
558,2025-11-04,Customer_2,South,Laptop,16,53671,858736,639081,219655
559,2025-12-30,Customer_83,East,Keyboard,20,1751,35020,26749,8271
560,2025-05-10,Customer_28,West,Headphones,13,7976,103688,67875,35813
561,2025-01-04,Customer_66,East,Keyboard,17,2126,36142,26215,9927
562,2025-06-22,Customer_36,East,Keyboard,10,942,9420,6542,2878
563,2025-09-22,Customer_98,South,Keyboard,9,1723,15507,9405,6102
564,2025-12-15,Customer_18,North,Laptop,20,71482,1429640,1069598,360042
565,2025-07-27,Customer_50,North,Printer,10,15500,155000,127421,27579
566,2025-11-23,Customer_61,East,Monitor,11,15286,168146,127100,41046
567,2025-02-19,Customer_61,South,Keyboard,6,2786,16716,10102,6614
568,2026-04-06,Customer_43,North,Keyboard,18,1249,22482,18751,3731
569,2025-06-07,Customer_54,East,Monitor,12,15318,183816,142138,41678
570,2026-03-12,Customer_16,West,Mouse,9,1499,13491,8610,4881
571,2025-02-06,Customer_61,South,Laptop,19,83031,1577589,1314589,263000
572,2026-03-22,Customer_20,South,Phone,13,31553,410189,276439,133750
573,2026-04-03,Customer_59,South,Monitor,11,21408,235488,199259,36229
574,2025-06-20,Customer_81,South,Mouse,6,1895,11370,6529,4841
575,2025-04-18,Customer_98,South,Mouse,2,309,618,423,195
576,2025-08-11,Customer_82,West,Tablet,16,12884,206144,121382,84762
577,2025-01-20,Customer_69,South,Headphones,14,4910,68740,45711,23029
578,2025-09-29,Customer_25,North,Mouse,1,959,959,745,214
579,2025-06-26,Customer_40,South,Laptop,8,59828,478624,362824,115800
580,2025-03-27,Customer_9,North,Phone,13,44986,584818,424929,159889
581,2025-11-02,Customer_68,East,Keyboard,10,2367,23670,18186,5484
582,2025-09-08,Customer_46,South,Headphones,5,3807,19035,16157,2878
583,2026-01-08,Customer_17,South,Tablet,13,10626,138138,85441,52697
584,2025-07-07,Customer_92,North,Laptop,19,78071,1483349,891040,592309
585,2025-01-25,Customer_77,North,Headphones,9,7318,65862,46789,19073
586,2025-08-02,Customer_57,West,Phone,1,15161,15161,11475,3686
587,2025-03-20,Customer_27,North,Phone,18,28563,514134,355944,158190
588,2025-05-19,Customer_80,South,Keyboard,14,913,12782,9570,3212
589,2025-03-02,Customer_37,North,Headphones,4,5190,20760,15894,4866
590,2026-02-03,Customer_34,South,Phone,16,25018,400288,293291,106997
591,2025-10-08,Customer_64,South,Mouse,14,904,12656,7569,5087
592,2025-12-10,Customer_12,North,Printer,11,14684,161524,88970,72554
593,2025-02-08,Customer_93,North,Printer,5,9951,49755,39000,10755
594,2025-06-01,Customer_34,West,Keyboard,8,2370,18960,16051,2909
595,2026-03-13,Customer_38,East,Laptop,4,56449,225796,183401,42395
596,2026-03-12,Customer_98,North,Mouse,14,1812,25368,14834,10534
597,2026-04-03,Customer_57,East,Laptop,5,56174,280870,182171,98699
598,2025-07-25,Customer_52,West,Phone,12,34460,413520,250122,163398
599,2025-11-29,Customer_22,North,Keyboard,13,2458,31954,25242,6712
600,2026-04-12,Customer_76,West,Tablet,2,15223,30446,17692,12754
